BOUSTEAD PROJECTS E&C PTE LTD,
,Income Statement By Project Reporting Date : 01-01-2025Through 17-09-2025 Reporting Currency : SGD,
Code,Description,10000,10001,10002,10004,10006,10007,10008,10009,10010,10011,10012,10013,17164,17165,17167,17170,18178,18180,18181,18182,18183,19188,20000,20198,21199,21202,21203,22207,22208,23211,24211,24212,24213,24214,24215,24216,24217,25218,CORP_EC,CORP_RE,EC,EC_P,Msia,RE,Total
"","","Office Expenses","CAPEX - IT (FY2020)","CAPEX - SAFETY (FY2021)","CAPEX - RENOVATION (FY2020)","CAPEX - IT (FY2021)","CAPEX - IT (FY2022)","CAPEX - RENOVATION (FY2022)","CAPEX - IT (FY2023)","CAPEX - RENOVATION (FY2023)","CAPEX - SAFETY (FY2023)","CAPEX - IT (FY2024)","CAPEX - IT (FY2026)","VEOLIA @ TUAS VIEW CIRCUIT","YUSEN @ 30 TUAS AVE 13","NSL @ TUAS AVE 10","REDLION @ ALPS","BOMBARDIER 2 @ SELETAR AEROSPACE HEIGHTS","WILMAR @ BIOPOLIS ROAD","SJC @ CLEANTECH LOOP","JTC MSRF @ KRANJI","BRADDELL PROJECT","PROJECT ORCHID","CONSULTATION / AD-HOC WORKS","AMAT @33 CNC Cleanroom Expansion","TAKEDA @ WOODLANDS INDUSTRIAL PARK","SOITEC A&A @ PASIR RIS INDUSTRIAL DRIVE","SANOFI @ TUAS SOUTH STREET 2","AMAT @ TIC","GREENPHYTO @ TUKANG INNOVATION DRIVE","36 TUAS ROAD","JTC KRANJI GREEN A&A","351 BRADDELL - FACADE REPAINTING WORKS","EBC LEVEL 8 OFFICE RENOVATION","BDB LAB DESIGN","LONZA CANTEEN & OFFICE EXPANSION ESR","Yusen A&A 2.0","STA PHARMA - FOH","AMAT - Phase 1 Extension Works","CORPORATE_E&C","CORPORATE_RE","ENGINEERING & CONSTRUCTION COST","ENGINEERING & CONSTRUCTION_PROJECT","COST ALLOCATED TO BPEC MALAYSIA","REAL ESTATE COST",""
"501001","CONSTRUCTION CONTRACT REVENUE","10,000.00","0.00","0.00","0.00","0.00","0.00","0.00","0.00","0.00","0.00","0.00","0.00","0.00","0.00","0.00","0.00","0.00","0.00","15,300.00","3,324,962.16","0.00","113,927.00","110,000.00","0.00","0.00","0.00","0.00","2,245,890.00","-136,153.69","328,307.04","3,702,056.00","24,035.00","0.00","0.00","178,000.00","10,079,266.63","2,018,457.51","177,619.20","0.00","0.00","0.00","0.00","0.00","0.00","22,191,666.85"
"5010","Revenue","10,000.00","0.00","0.00","0.00","0.00","0.00","0.00","0.00","0.00","0.00","0.00","0.00","0.00","0.00","0.00","0.00","0.00","0.00","15,300.00","3,324,962.16","0.00","113,927.00","110,000.00","0.00","0.00","0.00","0.00","2,245,890.00","-136,153.69","328,307.04","3,702,056.00","24,035.00","0.00","0.00","178,000.00","10,079,266.63","2,018,457.51","177,619.20","0.00","0.00","0.00","0.00","0.00","0.00","22,191,666.85"
"50","Revenue","10,000.00","0.00","0.00","0.00","0.00","0.00","0.00","0.00","0.00","0.00","0.00","0.00","0.00","0.00","0.00","0.00","0.00","0.00","15,300.00","3,324,962.16","0.00","113,927.00","110,000.00","0.00","0.00","0.00","0.00","2,245,890.00","-136,153.69","328,307.04","3,702,056.00","24,035.00","0.00","0.00","178,000.00","10,079,266.63","2,018,457.51","177,619.20","0.00","0.00","0.00","0.00","0.00","0.00","22,191,666.85"
"","Net Sales / Revenue","10,000.00","0.00","0.00","0.00","0.00","0.00","0.00","0.00","0.00","0.00","0.00","0.00","0.00","0.00","0.00","0.00","0.00","0.00","15,300.00","3,324,962.16","0.00","113,927.00","110,000.00","0.00","0.00","0.00","0.00","2,245,890.00","-136,153.69","328,307.04","3,702,056.00","24,035.00","0.00","0.00","178,000.00","10,079,266.63","2,018,457.51","177,619.20","0.00","0.00","0.00","0.00","0.00","0.00","22,191,666.85"
"600001","PROJECT COSTS OF SALES","0.00","0.00","0.00","0.00","0.00","0.00","0.00","0.00","0.00","0.00","0.00","0.00","-264,280.53","11,520.00","0.00","0.00","0.00","0.00","-1,047,512.67","1,998,741.19","-2,260.00","-100,000.00","9,710.00","10,178.83","0.00","-200,000.00","0.00","-4,520,201.00","-136,154.49","199,473.19","3,081,713.33","24,035.00","0.00","10,000.00","105,000.00","9,181,891.81","1,897,970.55","160,020.91","0.00","0.00","0.00","0.00","0.00","0.00","10,419,846.12"
"600006","COST OF SALES - AWS","270,218.91","0.00","0.00","0.00","0.00","0.00","0.00","0.00","0.00","0.00","0.00","0.00","0.00","0.00","0.00","0.00","0.00","0.00","0.00","0.00","0.00","0.00","0.00","0.00","0.00","0.00","0.00","0.00","0.00","0.00","0.00","0.00","0.00","0.00","0.00","0.00","0.00","0.00","0.00","0.00","0.00","0.00","0.00","0.00","270,218.91"
"6000","Cost of sales","270,218.91","0.00","0.00","0.00","0.00","0.00","0.00","0.00","0.00","0.00","0.00","0.00","-264,280.53","11,520.00","0.00","0.00","0.00","0.00","-1,047,512.67","1,998,741.19","-2,260.00","-100,000.00","9,710.00","10,178.83","0.00","-200,000.00","0.00","-4,520,201.00","-136,154.49","199,473.19","3,081,713.33","24,035.00","0.00","10,000.00","105,000.00","9,181,891.81","1,897,970.55","160,020.91","0.00","0.00","0.00","0.00","0.00","0.00","10,690,065.03"
"60","Cost of sales","270,218.91","0.00","0.00","0.00","0.00","0.00","0.00","0.00","0.00","0.00","0.00","0.00","-264,280.53","11,520.00","0.00","0.00","0.00","0.00","-1,047,512.67","1,998,741.19","-2,260.00","-100,000.00","9,710.00","10,178.83","0.00","-200,000.00","0.00","-4,520,201.00","-136,154.49","199,473.19","3,081,713.33","24,035.00","0.00","10,000.00","105,000.00","9,181,891.81","1,897,970.55","160,020.91","0.00","0.00","0.00","0.00","0.00","0.00","10,690,065.03"
"","Cost Of Sales","270,218.91","0.00","0.00","0.00","0.00","0.00","0.00","0.00","0.00","0.00","0.00","0.00","-264,280.53","11,520.00","0.00","0.00","0.00","0.00","-1,047,512.67","1,998,741.19","-2,260.00","-100,000.00","9,710.00","10,178.83","0.00","-200,000.00","0.00","-4,520,201.00","-136,154.49","199,473.19","3,081,713.33","24,035.00","0.00","10,000.00","105,000.00","9,181,891.81","1,897,970.55","160,020.91","0.00","0.00","0.00","0.00","0.00","0.00","10,690,065.03"
"","Gross Profit","-260,218.91","0.00","0.00","0.00","0.00","0.00","0.00","0.00","0.00","0.00","0.00","0.00","264,280.53","-11,520.00","0.00","0.00","0.00","0.00","1,062,812.67","1,326,220.97","2,260.00","213,927.00","100,290.00","-10,178.83","0.00","200,000.00","0.00","6,766,091.00","0.80","128,833.85","620,342.67","0.00","0.00","-10,000.00","73,000.00","897,374.82","120,486.96","17,598.29","0.00","0.00","0.00","0.00","0.00","0.00","11,501,601.82"
"","Gross Profit From Main Operations","-260,218.91","0.00","0.00","0.00","0.00","0.00","0.00","0.00","0.00","0.00","0.00","0.00","264,280.53","-11,520.00","0.00","0.00","0.00","0.00","1,062,812.67","1,326,220.97","2,260.00","213,927.00","100,290.00","-10,178.83","0.00","200,000.00","0.00","6,766,091.00","0.80","128,833.85","620,342.67","0.00","0.00","-10,000.00","73,000.00","897,374.82","120,486.96","17,598.29","0.00","0.00","0.00","0.00","0.00","0.00","11,501,601.82"
"700001","SALARY-BASIC","255,565.17","0.00","0.00","0.00","0.00","0.00","0.00","0.00","0.00","0.00","0.00","0.00","0.00","0.00","0.00","0.00","0.00","43,569.50","6,585.16","0.00","0.00","0.00","0.00","0.00","0.00","0.00","0.00","0.00","0.00","0.00","0.00","0.00","0.00","0.00","0.00","0.00","0.00","0.00","246,249.00","418,487.85","538,290.10","224,040.07","156,235.60","124,379.90","2,013,402.35"
"700002","AWS BONUS - 13TH MONTH","203,598.26","0.00","0.00","0.00","0.00","0.00","0.00","0.00","0.00","0.00","0.00","0.00","0.00","0.00","0.00","0.00","0.00","0.00","0.00","0.00","0.00","0.00","0.00","0.00","0.00","0.00","0.00","0.00","0.00","0.00","0.00","0.00","0.00","0.00","0.00","0.00","0.00","0.00","0.00","0.00","0.00","0.00","0.00","0.00","203,598.26"
"700003","UNUTILISED ANNUAL LEAVE","-79,373.04","0.00","0.00","0.00","0.00","0.00","0.00","0.00","0.00","0.00","0.00","0.00","0.00","0.00","0.00","0.00","0.00","0.00","0.00","0.00","0.00","0.00","0.00","0.00","0.00","0.00","0.00","0.00","0.00","0.00","0.00","0.00","0.00","0.00","0.00","0.00","0.00","0.00","0.00","0.00","0.00","0.00","0.00","0.00","-79,373.04"
"700004","BONUS-FLEXI PROFIT SHARE BONUS","1,126,560.87","0.00","0.00","0.00","0.00","0.00","0.00","0.00","0.00","0.00","0.00","0.00","0.00","0.00","0.00","0.00","0.00","0.00","5,823.00","0.00","0.00","0.00","0.00","0.00","0.00","0.00","0.00","0.00","0.00","0.00","0.00","0.00","0.00","0.00","0.00","5,823.00","0.00","0.00","0.00","0.00","0.00","0.00","0.00","0.00","1,138,206.87"
"7000","Salaries and wages","1,506,351.26","0.00","0.00","0.00","0.00","0.00","0.00","0.00","0.00","0.00","0.00","0.00","0.00","0.00","0.00","0.00","0.00","43,569.50","12,408.16","0.00","0.00","0.00","0.00","0.00","0.00","0.00","0.00","0.00","0.00","0.00","0.00","0.00","0.00","0.00","0.00","5,823.00","0.00","0.00","246,249.00","418,487.85","538,290.10","224,040.07","156,235.60","124,379.90","3,275,834.44"
"701001","RETIREMENT COMPENSATION","0.00","0.00","0.00","0.00","0.00","0.00","0.00","0.00","0.00","0.00","0.00","0.00","0.00","0.00","0.00","0.00","0.00","0.00","30,036.00","0.00","0.00","0.00","0.00","0.00","0.00","0.00","0.00","0.00","0.00","0.00","0.00","0.00","0.00","0.00","0.00","0.00","0.00","0.00","0.00","0.00","0.00","0.00","0.00","0.00","30,036.00"
"701002","GOVERNMENT BENEFITS-EMPLOYEES","-2,839.03","0.00","0.00","0.00","0.00","0.00","0.00","0.00","0.00","0.00","0.00","0.00","0.00","0.00","0.00","0.00","0.00","0.00","0.00","0.00","0.00","0.00","0.00","0.00","0.00","0.00","0.00","0.00","0.00","0.00","0.00","0.00","0.00","0.00","0.00","0.00","0.00","0.00","0.00","0.00","0.00","0.00","0.00","0.00","-2,839.03"
"701003","CPF CONTRIBUTION","18,972.32","0.00","0.00","0.00","0.00","0.00","0.00","0.00","0.00","0.00","0.00","0.00","0.00","0.00","0.00","0.00","0.00","9,145.00","227.00","0.00","0.00","0.00","0.00","0.00","0.00","0.00","0.00","0.00","0.00","0.00","0.00","0.00","0.00","0.00","0.00","0.00","0.00","0.00","19,022.50","34,647.50","50,010.20","37,944.60","11,972.00","25,476.80","207,417.92"
"701004","SDL /FWL CONTRIBUTION","56,394.19","0.00","0.00","0.00","0.00","0.00","0.00","0.00","0.00","0.00","0.00","0.00","0.00","0.00","0.00","0.00","3.99","94.57","347.38","67.50","0.00","0.00","0.00","0.00","0.00","0.00","51.24","1,459.03","225.48","189.07","666.17","0.00","0.00","0.00","0.00","551.79","430.00","90.14","145.81","281.69","410.78","294.52","105.60","208.42","62,017.37"
"701005","MEDICAL FEES","-14,556.55","0.00","0.00","0.00","0.00","0.00","0.00","0.00","0.00","0.00","0.00","0.00","0.00","0.00","0.00","0.00","0.00","0.00","337.50","0.00","0.00","0.00","0.00","0.00","0.00","0.00","44.43","1,484.18","300.00","98.77","976.05","0.00","0.00","0.00","0.00","523.90","94.55","0.00","146.60","276.30","941.81","170.48","0.00","253.52","-8,908.46"
"701006","TRANSPORT ALLOWANCE","0.00","0.00","0.00","0.00","0.00","0.00","0.00","0.00","0.00","0.00","0.00","0.00","0.00","0.00","0.00","0.00","0.00","0.00","0.00","0.00","0.00","0.00","0.00","0.00","0.00","0.00","0.00","0.00","0.00","0.00","0.00","0.00","0.00","0.00","0.00","0.00","0.00","0.00","8,120.00","12,180.00","17,360.00","8,909.09","5,720.00","1,540.00","53,829.09"
"701007","HOUSING ALLOWANCE","0.00","0.00","0.00","0.00","0.00","0.00","0.00","0.00","0.00","0.00","0.00","0.00","0.00","0.00","0.00","0.00","0.00","0.00","0.00","0.00","0.00","0.00","0.00","0.00","0.00","0.00","0.00","0.00","0.00","0.00","0.00","0.00","0.00","0.00","0.00","0.00","0.00","0.00","5,600.00","8,400.00","0.00","0.00","0.00","0.00","14,000.00"
"701008","STAFF INSURANCE","190,591.11","0.00","0.00","0.00","0.00","0.00","0.00","0.00","0.00","0.00","0.00","0.00","0.00","0.00","0.00","0.00","0.00","0.00","0.00","0.00","0.00","0.00","0.00","0.00","0.00","0.00","0.00","0.00","0.00","0.00","0.00","0.00","0.00","0.00","0.00","0.00","0.00","0.00","0.00","0.00","0.00","0.00","0.00","0.00","190,591.11"
"701009","MEALS / REFRESHMENTS","16,080.34","0.00","0.00","0.00","0.00","0.00","0.00","0.00","0.00","0.00","0.00","0.00","0.00","0.00","0.00","0.00","0.00","0.00","0.00","0.00","0.00","0.00","0.00","0.00","0.00","0.00","0.00","0.00","0.00","0.00","0.00","0.00","0.00","0.00","0.00","0.00","0.00","0.00","0.00","0.00","0.00","0.00","58.90","0.00","16,139.24"
"701010","STAFF SUNDRIES","3,766.67","0.00","0.00","0.00","0.00","0.00","0.00","0.00","0.00","0.00","0.00","0.00","0.00","0.00","0.00","0.00","5.00","120.00","570.54","100.00","0.00","0.00","0.00","0.00","0.00","0.00","0.00","2,748.19","500.19","44.60","698.00","0.00","0.00","0.00","0.00","715.06","0.00","0.00","77.73","217.72","212.00","459.00","70.00","20.00","10,324.70"
"701011","MOBILE ALLOWANCE","2,132.73","0.00","0.00","0.00","0.00","0.00","0.00","0.00","0.00","0.00","0.00","0.00","0.00","0.00","0.00","0.00","0.00","850.00","100.00","0.00","0.00","0.00","0.00","0.00","0.00","0.00","0.00","0.00","0.00","0.00","0.00","0.00","0.00","0.00","0.00","0.00","0.00","0.00","1,288.00","2,212.95","3,206.00","2,224.22","1,044.00","1,064.00","14,121.90"
"701017","Other Allowance","0.00","0.00","0.00","0.00","0.00","0.00","0.00","0.00","0.00","0.00","0.00","0.00","0.00","0.00","0.00","0.00","0.00","0.00","0.00","0.00","0.00","0.00","0.00","0.00","0.00","0.00","0.00","0.00","0.00","0.00","0.00","0.00","0.00","0.00","0.00","0.00","0.00","0.00","3,696.00","5,544.00","0.00","0.00","168.00","0.00","9,408.00"
"7010","Allied cost","270,541.78","0.00","0.00","0.00","0.00","0.00","0.00","0.00","0.00","0.00","0.00","0.00","0.00","0.00","0.00","0.00","8.99","10,209.57","31,618.42","167.50","0.00","0.00","0.00","0.00","0.00","0.00","95.67","5,691.40","1,025.67","332.44","2,340.22","0.00","0.00","0.00","0.00","1,790.75","524.55","90.14","38,096.64","63,760.16","72,140.79","50,001.91","19,138.50","28,562.74","596,137.84"
"702001","RE/RTO EXPENSES","71,100.56","0.00","0.00","0.00","0.00","0.00","0.00","0.00","0.00","0.00","0.00","0.00","0.00","0.00","0.00","0.00","0.00","0.00","0.00","0.00","0.00","0.00","0.00","0.00","0.00","0.00","0.00","0.00","-3,346.28","0.00","0.00","0.00","0.00","0.00","0.00","-30,116.28","-5,671.25","0.00","0.00","0.00","0.00","0.00","0.00","0.00","31,966.75"
"702002","STAFF TRAINING","-5,810.17","0.00","0.00","0.00","0.00","0.00","0.00","0.00","0.00","0.00","0.00","0.00","0.00","0.00","0.00","0.00","0.00","0.00","853.50","0.00","0.00","0.00","0.00","0.00","0.00","0.00","0.00","8,375.24","0.00","635.00","4,509.01","0.00","0.00","0.00","0.00","0.00","0.00","0.00","386.95","0.00","0.00","0.00","0.00","0.00","8,949.53"
"702003","RECRUITMENT","58,401.59","0.00","0.00","0.00","0.00","0.00","0.00","0.00","0.00","0.00","0.00","0.00","0.00","0.00","0.00","0.00","0.00","0.00","0.00","0.00","0.00","0.00","0.00","0.00","0.00","0.00","0.00","0.00","0.00","0.00","0.00","0.00","0.00","0.00","0.00","0.00","0.00","0.00","0.00","0.00","0.00","0.00","0.00","0.00","58,401.59"
"702004","TEMPORARY SERVICES","7,764.00","0.00","0.00","0.00","0.00","0.00","0.00","0.00","0.00","0.00","0.00","0.00","0.00","0.00","0.00","0.00","0.00","0.00","1,824.00","0.00","0.00","0.00","0.00","0.00","0.00","0.00","0.00","0.00","0.00","0.00","0.00","0.00","0.00","0.00","0.00","0.00","0.00","0.00","0.00","0.00","0.00","0.00","0.00","0.00","9,588.00"
"702005","SHARED EXPENSES-BSL","505,588.23","0.00","0.00","0.00","0.00","0.00","0.00","0.00","0.00","0.00","0.00","0.00","0.00","0.00","0.00","0.00","0.00","0.00","0.00","0.00","0.00","0.00","0.00","0.00","0.00","0.00","0.00","0.00","0.00","0.00","0.00","0.00","0.00","0.00","0.00","0.00","0.00","0.00","0.00","0.00","0.00","0.00","0.00","0.00","505,588.23"
"702008","OFFICE & WAREHOUSE RENTAL","111,567.80","0.00","0.00","0.00","0.00","0.00","0.00","0.00","0.00","0.00","0.00","0.00","0.00","0.00","0.00","0.00","0.00","0.00","0.00","0.00","0.00","0.00","0.00","0.00","0.00","0.00","0.00","0.00","0.00","0.00","0.00","0.00","0.00","0.00","0.00","0.00","0.00","0.00","0.00","0.00","0.00","0.00","0.00","0.00","111,567.80"
"702009","R & M - OFFICE CLEANING","20,326.52","0.00","0.00","0.00","0.00","0.00","0.00","0.00","0.00","0.00","0.00","0.00","0.00","0.00","0.00","0.00","0.00","0.00","0.00","0.00","0.00","0.00","0.00","0.00","0.00","0.00","0.00","0.00","0.00","0.00","0.00","0.00","125.00","0.00","0.00","0.00","0.00","0.00","0.00","0.00","0.00","0.00","0.00","0.00","20,451.52"
"702010","R & M - OFFICE EQUIPMENTS","14,700.00","0.00","0.00","0.00","0.00","0.00","0.00","0.00","0.00","0.00","0.00","0.00","0.00","0.00","0.00","0.00","0.00","0.00","0.00","0.00","0.00","0.00","0.00","0.00","0.00","0.00","0.00","0.00","0.00","0.00","0.00","0.00","-750.00","0.00","0.00","0.00","0.00","0.00","0.00","0.00","0.00","0.00","0.00","0.00","13,950.00"
"702011","R & M - LANDSCAPE","530.00","0.00","0.00","0.00","0.00","0.00","0.00","0.00","0.00","0.00","0.00","0.00","0.00","0.00","0.00","0.00","0.00","0.00","0.00","0.00","0.00","0.00","0.00","0.00","0.00","0.00","0.00","0.00","0.00","0.00","0.00","0.00","0.00","0.00","0.00","0.00","0.00","0.00","0.00","0.00","0.00","0.00","0.00","0.00","530.00"
"702012","R & M - OTHERS","2,011.50","0.00","0.00","0.00","0.00","0.00","0.00","0.00","0.00","0.00","0.00","0.00","0.00","0.00","0.00","0.00","0.00","0.00","0.00","0.00","0.00","0.00","0.00","0.00","0.00","0.00","0.00","0.00","0.00","0.00","0.00","0.00","0.00","0.00","0.00","0.00","0.00","0.00","0.00","0.00","0.00","0.00","0.00","0.00","2,011.50"
"702013","WATER & ELECTRICITY EXPENSE","14,366.80","0.00","0.00","0.00","0.00","0.00","0.00","0.00","0.00","0.00","0.00","0.00","0.00","0.00","0.00","0.00","0.00","0.00","0.00","0.00","0.00","0.00","0.00","0.00","0.00","0.00","0.00","0.00","0.00","0.00","0.00","0.00","0.00","0.00","0.00","0.00","0.00","0.00","0.00","0.00","0.00","0.00","0.00","0.00","14,366.80"
"702015","UPKEEP OF COMPUTER","221.10","0.00","0.00","0.00","0.00","0.00","0.00","0.00","0.00","0.00","0.00","0.00","0.00","0.00","0.00","0.00","0.00","0.00","0.00","0.00","0.00","0.00","0.00","0.00","0.00","0.00","0.00","0.00","0.00","0.00","0.00","0.00","0.00","0.00","0.00","0.00","0.00","0.00","0.00","0.00","0.00","0.00","0.00","0.00","221.10"
"702016","SOFTWARE MAINTENANCE","347,934.03","0.00","0.00","0.00","0.00","0.00","0.00","0.00","0.00","0.00","0.00","0.00","0.00","0.00","0.00","0.00","0.00","0.00","0.00","0.00","0.00","0.00","0.00","0.00","0.00","0.00","0.00","0.00","0.00","0.00","0.00","0.00","0.00","0.00","0.00","-6,666.00","0.00","0.00","0.00","0.00","0.00","0.00","0.00","0.00","341,268.03"
"702017","TRAVEL - CEO/GM","4,356.62","0.00","0.00","0.00","0.00","0.00","0.00","0.00","0.00","0.00","0.00","0.00","0.00","0.00","0.00","0.00","0.00","0.00","0.00","0.00","0.00","0.00","0.00","0.00","0.00","0.00","0.00","0.00","0.00","0.00","0.00","0.00","0.00","0.00","0.00","0.00","0.00","0.00","0.00","0.00","0.00","0.00","0.00","0.00","4,356.62"
"702018","TRAVEL - OTHERS","6,888.90","0.00","0.00","0.00","0.00","0.00","0.00","0.00","0.00","0.00","0.00","0.00","0.00","0.00","0.00","0.00","0.00","0.00","0.00","0.00","0.00","0.00","0.00","0.00","0.00","0.00","0.00","0.00","0.00","0.00","0.00","0.00","0.00","0.00","0.00","0.00","0.00","0.00","0.00","0.00","0.00","4,375.59","0.00","0.00","11,264.49"
"702019","TRAVEL - MALAYSIA OPERATIONS","-38,417.76","0.00","0.00","0.00","0.00","0.00","0.00","0.00","0.00","0.00","0.00","0.00","0.00","0.00","0.00","0.00","0.00","0.00","0.00","0.00","0.00","0.00","0.00","0.00","0.00","0.00","0.00","0.00","0.00","0.00","0.00","0.00","0.00","0.00","0.00","0.00","0.00","0.00","0.00","0.00","0.00","0.00","11,079.98","0.00","-27,337.78"
"702020","TELEPHONE & TELEXES","7,894.51","0.00","0.00","0.00","0.00","0.00","0.00","0.00","0.00","0.00","0.00","0.00","0.00","0.00","0.00","0.00","0.00","0.00","0.00","0.00","0.00","0.00","0.00","0.00","0.00","0.00","0.00","0.00","0.00","0.00","0.00","0.00","0.00","0.00","0.00","0.00","0.00","0.00","0.00","0.00","0.00","0.00","0.00","0.00","7,894.51"
"702022","POSTAGES & COURIERS","2,931.11","0.00","0.00","0.00","0.00","0.00","0.00","0.00","0.00","0.00","0.00","0.00","0.00","0.00","0.00","0.00","0.00","0.00","0.00","0.00","0.00","0.00","0.00","0.00","0.00","0.00","0.00","0.00","0.00","0.00","0.00","0.00","0.00","0.00","0.00","0.00","0.00","0.00","0.00","0.00","0.00","0.00","0.00","0.00","2,931.11"
"702023","PRINTING & STATIONERY","7,747.74","0.00","0.00","0.00","0.00","0.00","0.00","0.00","0.00","0.00","0.00","0.00","0.00","0.00","0.00","0.00","0.00","0.00","0.00","0.00","0.00","0.00","0.00","0.00","0.00","0.00","0.00","0.00","0.00","0.00","0.00","0.00","0.00","0.00","0.00","0.00","0.00","0.00","254.25","126.25","32.60","0.00","0.00","0.00","8,160.84"
"702024","SUBSCRIPTIONS & PERIODICALS","13,870.76","0.00","0.00","0.00","0.00","0.00","0.00","0.00","0.00","0.00","0.00","0.00","0.00","0.00","0.00","0.00","0.00","0.00","0.00","0.00","0.00","0.00","0.00","0.00","0.00","0.00","0.00","272.50","60.00","0.00","0.00","0.00","0.00","0.00","0.00","196.20","130.80","0.00","0.00","1,199.82","0.00","0.00","0.00","0.00","15,730.08"
"702025","GIFTS & DONATIONS","85.00","0.00","0.00","0.00","0.00","0.00","0.00","0.00","0.00","0.00","0.00","499.00","0.00","0.00","0.00","0.00","0.00","0.00","0.00","0.00","0.00","0.00","0.00","0.00","0.00","0.00","0.00","0.00","0.00","0.00","0.00","0.00","0.00","0.00","0.00","0.00","0.00","0.00","0.00","0.00","0.00","0.00","0.00","0.00","584.00"
"702026","AUDIT FEES","28,931.28","0.00","0.00","0.00","0.00","0.00","0.00","0.00","0.00","0.00","0.00","0.00","0.00","0.00","0.00","0.00","0.00","0.00","0.00","0.00","0.00","0.00","0.00","0.00","0.00","0.00","0.00","0.00","0.00","0.00","0.00","0.00","0.00","0.00","0.00","0.00","0.00","0.00","0.00","0.00","0.00","0.00","0.00","0.00","28,931.28"
"702027","TAX SERVICES","4,990.00","0.00","0.00","0.00","0.00","0.00","0.00","0.00","0.00","0.00","0.00","0.00","0.00","0.00","0.00","0.00","0.00","0.00","0.00","0.00","0.00","0.00","0.00","0.00","0.00","0.00","0.00","0.00","0.00","0.00","0.00","0.00","0.00","0.00","0.00","0.00","0.00","0.00","0.00","0.00","0.00","0.00","0.00","0.00","4,990.00"
"702029","PROFESSIONAL FEES","38,335.20","0.00","0.00","0.00","0.00","0.00","0.00","0.00","0.00","0.00","0.00","0.00","0.00","0.00","683.34","0.00","0.00","0.00","0.00","0.00","0.00","0.00","0.00","0.00","0.00","0.00","0.00","0.00","0.00","0.00","0.00","0.00","0.00","0.00","0.00","0.00","0.00","0.00","0.00","0.00","0.00","0.00","0.00","0.00","39,018.54"
"702030","INSURANCE - GENERAL","56,987.73","0.00","0.00","0.00","0.00","0.00","0.00","0.00","0.00","0.00","0.00","0.00","0.00","0.00","0.00","0.00","0.00","0.00","0.00","0.00","0.00","0.00","0.00","0.00","0.00","0.00","0.00","0.00","0.00","0.00","0.00","0.00","0.00","0.00","0.00","0.00","0.00","0.00","0.00","0.00","0.00","0.00","0.00","0.00","56,987.73"
"702031","BANK CHARGES","719.66","0.00","0.00","0.00","0.00","0.00","0.00","0.00","0.00","0.00","0.00","0.00","0.00","0.00","0.00","0.00","0.00","0.00","0.00","0.00","0.00","0.00","0.00","0.00","0.00","0.00","0.00","0.00","0.00","0.00","0.00","0.00","0.00","0.00","0.00","0.00","0.00","0.00","0.00","0.00","0.00","0.00","0.00","0.00","719.66"
"702033","TRANSPORT REIMBURSEMENTS","430.00","0.00","0.00","0.00","0.00","0.00","0.00","0.00","0.00","0.00","0.00","0.00","0.00","0.00","0.00","0.00","0.00","115.40","0.00","0.00","0.00","0.00","0.00","0.00","0.00","0.00","0.00","0.00","0.00","0.00","0.00","0.00","0.00","0.00","0.00","0.00","0.00","0.00","306.38","185.32","585.24","25.80","58.06","48.46","1,754.66"
"702034","NON CAPITALISED ASSETS","9,192.72","0.00","0.00","0.00","0.00","0.00","0.00","0.00","0.00","0.00","0.00","0.00","0.00","0.00","0.00","0.00","0.00","0.00","0.00","0.00","0.00","0.00","0.00","0.00","0.00","0.00","0.00","0.00","0.00","0.00","0.00","0.00","0.00","0.00","0.00","0.00","0.00","0.00","0.00","0.00","0.00","0.00","0.00","0.00","9,192.72"
"702035","FINES & PENALTIES","3,000.00","0.00","0.00","0.00","0.00","0.00","0.00","0.00","0.00","0.00","0.00","0.00","0.00","0.00","0.00","0.00","0.00","0.00","0.00","0.00","0.00","0.00","0.00","0.00","0.00","0.00","0.00","0.00","0.00","0.00","0.00","0.00","0.00","0.00","0.00","0.00","0.00","0.00","0.00","0.00","0.00","0.00","0.00","0.00","3,000.00"
"702036","SUNDRIES EXPENSES","13,228.68","0.00","0.00","0.00","0.00","0.00","0.00","0.00","0.00","0.00","0.00","0.00","0.00","0.00","0.00","0.00","0.00","0.00","0.00","0.00","0.00","0.00","0.00","0.00","0.00","0.00","0.00","0.00","0.00","0.00","0.00","0.00","0.00","0.00","0.00","0.00","0.00","0.00","0.00","0.00","0.00","0.00","0.00","0.00","13,228.68"
"702043","ENTERTAINMENT - CEO/GM","11,617.49","0.00","0.00","0.00","0.00","0.00","0.00","0.00","0.00","0.00","0.00","0.00","0.00","0.00","0.00","0.00","0.00","0.00","0.00","0.00","0.00","0.00","0.00","0.00","0.00","0.00","0.00","0.00","0.00","0.00","0.00","0.00","0.00","0.00","0.00","0.00","0.00","0.00","0.00","0.00","0.00","0.00","0.00","0.00","11,617.49"
"702044","ENTERTAINMENT - OTHERS","6,895.57","0.00","0.00","0.00","0.00","0.00","0.00","0.00","0.00","0.00","0.00","0.00","0.00","0.00","0.00","0.00","0.00","0.00","0.00","0.00","0.00","0.00","0.00","0.00","0.00","0.00","0.00","0.00","0.00","0.00","0.00","0.00","0.00","0.00","0.00","-2,559.56","0.00","0.00","0.00","0.00","0.00","602.61","467.61","0.00","5,406.23"
"702045","GAIN/LOSS ON DISPOSAL OF FIXED ASSETS","-217.20","0.00","0.00","0.00","0.00","0.00","0.00","0.00","0.00","0.00","4,274.41","0.00","0.00","0.00","0.00","0.00","0.00","0.00","0.00","0.00","0.00","0.00","0.00","0.00","0.00","0.00","0.00","0.00","0.00","0.00","0.00","0.00","0.00","0.00","0.00","0.00","0.00","0.00","0.00","0.00","0.00","0.00","0.00","0.00","4,057.21"
"702046","BAD DEBTS WRITTEN OFF","4,000.00","0.00","0.00","0.00","0.00","0.00","0.00","0.00","0.00","0.00","0.00","0.00","0.00","0.00","0.00","0.00","0.00","0.00","0.00","0.00","0.00","0.00","0.00","0.00","0.00","0.00","0.00","0.00","0.00","0.00","0.00","0.00","1,193.76","0.00","0.00","0.00","0.00","0.00","0.00","0.00","0.00","0.00","0.00","0.00","5,193.76"
"702047","BAD DEBTS","0.00","0.00","0.00","0.00","0.00","0.00","0.00","0.00","0.00","0.00","0.00","0.00","0.00","0.00","0.00","-4,672.90","0.00","0.00","0.00","0.00","0.00","0.00","0.00","0.00","0.00","0.00","0.00","0.00","0.00","0.00","0.00","0.00","0.00","0.00","0.00","0.00","0.00","0.00","0.00","0.00","0.00","0.00","0.00","0.00","-4,672.90"
"702048","TRAVEL - VIETNAM OPERATIONS","-1,296.21","0.00","0.00","0.00","0.00","0.00","0.00","0.00","0.00","0.00","0.00","0.00","0.00","0.00","0.00","0.00","0.00","0.00","0.00","0.00","0.00","0.00","0.00","0.00","0.00","0.00","0.00","0.00","0.00","0.00","0.00","0.00","0.00","0.00","0.00","0.00","0.00","0.00","0.00","0.00","0.00","0.00","0.00","0.00","-1,296.21"
"702050","GIFTS","904.50","0.00","0.00","0.00","0.00","0.00","0.00","0.00","0.00","0.00","0.00","0.00","0.00","0.00","0.00","0.00","0.00","0.00","0.00","0.00","0.00","0.00","0.00","0.00","0.00","0.00","0.00","0.00","0.00","0.00","0.00","0.00","0.00","0.00","0.00","0.00","0.00","0.00","0.00","0.00","100.00","0.00","0.00","0.00","1,004.50"
"702053","PRIVATE CAR EXP - MILEAGE, CAR PARK","10,715.12","0.00","0.00","0.00","0.00","0.00","0.00","0.00","0.00","0.00","0.00","0.00","0.00","0.00","0.00","0.00","25.20","0.00","50.40","65.86","0.00","0.00","0.00","0.00","0.00","0.00","0.00","1,002.82","0.00","25.20","168.07","0.00","0.00","0.00","0.00","0.00","0.00","0.00","0.00","0.00","0.00","50.40","1,543.20","0.00","13,646.27"
"702059","GST INPUT TAX NON-CLAIMABLE","7,652.13","0.00","0.00","0.00","0.00","0.00","0.00","0.00","0.00","0.00","0.00","0.00","0.00","0.00","0.00","0.00","0.00","0.00","0.00","0.00","0.00","0.00","0.00","0.00","0.00","0.00","0.00","0.00","0.00","0.00","0.00","0.00","0.00","0.00","0.00","0.00","0.00","0.00","0.00","0.00","0.00","0.00","0.00","0.00","7,652.13"
"702063","GAIN / LOSS ON DISPOSAL OF ROU ASSET","-63,644.73","0.00","0.00","0.00","0.00","0.00","0.00","0.00","0.00","0.00","0.00","0.00","0.00","0.00","0.00","0.00","0.00","0.00","0.00","0.00","0.00","0.00","0.00","0.00","0.00","0.00","0.00","0.00","0.00","0.00","0.00","0.00","0.00","0.00","0.00","0.00","0.00","0.00","0.00","0.00","0.00","0.00","0.00","0.00","-63,644.73"
"7020","Administrative & other","1,286,500.78","0.00","0.00","0.00","0.00","0.00","0.00","0.00","0.00","0.00","4,274.41","499.00","0.00","0.00","683.34","-4,672.90","25.20","115.40","2,727.90","65.86","0.00","0.00","0.00","0.00","0.00","0.00","0.00","9,650.56","-3,286.28","660.20","4,677.08","0.00","568.76","0.00","0.00","-39,145.64","-5,540.45","0.00","947.58","1,511.39","717.84","5,054.40","13,148.85","48.46","1,279,231.74"
"703002","AGENT COMMISSION","49,075.94","0.00","0.00","0.00","0.00","0.00","0.00","0.00","0.00","0.00","0.00","0.00","0.00","0.00","0.00","0.00","0.00","0.00","0.00","0.00","0.00","0.00","0.00","0.00","0.00","0.00","0.00","0.00","0.00","0.00","0.00","0.00","0.00","0.00","0.00","0.00","0.00","0.00","0.00","0.00","0.00","0.00","0.00","0.00","49,075.94"
"7030","Selling and distribution","49,075.94","0.00","0.00","0.00","0.00","0.00","0.00","0.00","0.00","0.00","0.00","0.00","0.00","0.00","0.00","0.00","0.00","0.00","0.00","0.00","0.00","0.00","0.00","0.00","0.00","0.00","0.00","0.00","0.00","0.00","0.00","0.00","0.00","0.00","0.00","0.00","0.00","0.00","0.00","0.00","0.00","0.00","0.00","0.00","49,075.94"
"704001","DEPRECIATION - FURNITURE & FITTINGS","0.00","0.00","0.00","0.00","0.00","0.00","409.20","0.00","0.00","0.00","0.00","0.00","0.00","0.00","0.00","0.00","0.00","0.00","0.00","0.00","0.00","0.00","0.00","0.00","0.00","0.00","0.00","0.00","0.00","0.00","0.00","0.00","19,042.31","0.00","0.00","0.00","0.00","0.00","0.00","0.00","0.00","0.00","0.00","0.00","19,451.51"
"704002","DEPRECIATION - RENOVATONS","0.00","0.00","0.00","0.00","0.00","0.00","73,342.00","0.00","2,585.20","0.00","0.00","0.00","0.00","0.00","0.00","0.00","0.00","0.00","0.00","0.00","0.00","0.00","0.00","0.00","0.00","0.00","0.00","0.00","0.00","0.00","0.00","0.00","42,665.56","0.00","0.00","0.00","0.00","0.00","0.00","0.00","0.00","0.00","0.00","0.00","118,592.76"
"704003","DEPRECIATION - OFFICE EQUIPMENT","2,015.86","0.00","300.00","514.96","0.00","0.00","5,036.96","756.64","0.00","0.00","0.00","0.00","0.00","0.00","0.00","0.00","0.00","0.00","0.00","0.00","0.00","0.00","0.00","0.00","0.00","0.00","0.00","0.00","0.00","0.00","0.00","0.00","72.94","0.00","0.00","0.00","0.00","0.00","0.00","0.00","0.00","0.00","0.00","0.00","8,697.36"
"704004","DEPRECIATION - COMPUTER EQUIPMENT","42,266.43","6,858.44","2,725.00","0.00","1,778.28","4,369.12","524.00","3,607.04","0.00","3,733.36","23,085.71","0.00","0.00","0.00","0.00","0.00","0.00","0.00","0.00","0.00","0.00","0.00","0.00","0.00","0.00","0.00","0.00","0.00","0.00","0.00","0.00","0.00","4,137.77","0.00","0.00","0.00","0.00","0.00","0.00","0.00","0.00","0.00","0.00","0.00","93,085.15"
"7040","Depreciation expenses","44,282.29","6,858.44","3,025.00","514.96","1,778.28","4,369.12","79,312.16","4,363.68","2,585.20","3,733.36","23,085.71","0.00","0.00","0.00","0.00","0.00","0.00","0.00","0.00","0.00","0.00","0.00","0.00","0.00","0.00","0.00","0.00","0.00","0.00","0.00","0.00","0.00","65,918.58","0.00","0.00","0.00","0.00","0.00","0.00","0.00","0.00","0.00","0.00","0.00","239,826.78"
"705001","AMORTISATION OF CLUB MEMBERSHIP","3,292.10","0.00","0.00","0.00","0.00","0.00","0.00","0.00","0.00","0.00","0.00","0.00","0.00","0.00","0.00","0.00","0.00","0.00","0.00","0.00","0.00","0.00","0.00","0.00","0.00","0.00","0.00","0.00","0.00","0.00","0.00","0.00","0.00","0.00","0.00","0.00","0.00","0.00","0.00","0.00","0.00","0.00","0.00","0.00","3,292.10"
"7050","Amortisation","3,292.10","0.00","0.00","0.00","0.00","0.00","0.00","0.00","0.00","0.00","0.00","0.00","0.00","0.00","0.00","0.00","0.00","0.00","0.00","0.00","0.00","0.00","0.00","0.00","0.00","0.00","0.00","0.00","0.00","0.00","0.00","0.00","0.00","0.00","0.00","0.00","0.00","0.00","0.00","0.00","0.00","0.00","0.00","0.00","3,292.10"
"706001","DEPRECIATION - ROU ASSET","185,828.24","0.00","0.00","0.00","0.00","0.00","0.00","0.00","0.00","0.00","0.00","0.00","0.00","0.00","0.00","0.00","0.00","0.00","0.00","0.00","0.00","0.00","0.00","0.00","0.00","0.00","0.00","0.00","0.00","0.00","0.00","0.00","0.00","0.00","0.00","0.00","0.00","0.00","0.00","0.00","0.00","0.00","0.00","0.00","185,828.24"
"7060","Depreciation - ROU Asset","185,828.24","0.00","0.00","0.00","0.00","0.00","0.00","0.00","0.00","0.00","0.00","0.00","0.00","0.00","0.00","0.00","0.00","0.00","0.00","0.00","0.00","0.00","0.00","0.00","0.00","0.00","0.00","0.00","0.00","0.00","0.00","0.00","0.00","0.00","0.00","0.00","0.00","0.00","0.00","0.00","0.00","0.00","0.00","0.00","185,828.24"
"70","Expenses","3,345,872.39","6,858.44","3,025.00","514.96","1,778.28","4,369.12","79,312.16","4,363.68","2,585.20","3,733.36","27,360.12","499.00","0.00","0.00","683.34","-4,672.90","34.19","53,894.47","46,754.48","233.36","0.00","0.00","0.00","0.00","0.00","0.00","95.67","15,341.96","-2,260.61","992.64","7,017.30","0.00","66,487.34","0.00","0.00","-31,531.89","-5,015.90","90.14","285,293.22","483,759.40","611,148.73","279,096.38","188,522.95","152,991.10","5,629,227.08"
"720003","INTEREST EXPENSE - LEASE LIABILITY","19,209.32","0.00","0.00","0.00","0.00","0.00","0.00","0.00","0.00","0.00","0.00","0.00","0.00","0.00","0.00","0.00","0.00","0.00","0.00","0.00","0.00","0.00","0.00","0.00","0.00","0.00","0.00","0.00","0.00","0.00","0.00","0.00","0.00","0.00","0.00","0.00","0.00","0.00","0.00","0.00","0.00","0.00","0.00","0.00","19,209.32"
"720004","TERM LOAN INTEREST - BANK","5,371.73","0.00","0.00","0.00","0.00","0.00","0.00","0.00","0.00","0.00","0.00","0.00","0.00","0.00","0.00","0.00","0.00","0.00","0.00","0.00","0.00","0.00","0.00","0.00","0.00","0.00","0.00","0.00","0.00","0.00","0.00","0.00","0.00","0.00","0.00","0.00","0.00","0.00","0.00","0.00","0.00","0.00","0.00","0.00","5,371.73"
"7200","Interest expense","24,581.05","0.00","0.00","0.00","0.00","0.00","0.00","0.00","0.00","0.00","0.00","0.00","0.00","0.00","0.00","0.00","0.00","0.00","0.00","0.00","0.00","0.00","0.00","0.00","0.00","0.00","0.00","0.00","0.00","0.00","0.00","0.00","0.00","0.00","0.00","0.00","0.00","0.00","0.00","0.00","0.00","0.00","0.00","0.00","24,581.05"
"72","Finance Cost","24,581.05","0.00","0.00","0.00","0.00","0.00","0.00","0.00","0.00","0.00","0.00","0.00","0.00","0.00","0.00","0.00","0.00","0.00","0.00","0.00","0.00","0.00","0.00","0.00","0.00","0.00","0.00","0.00","0.00","0.00","0.00","0.00","0.00","0.00","0.00","0.00","0.00","0.00","0.00","0.00","0.00","0.00","0.00","0.00","24,581.05"
"","Total Operating Expenses","3,370,453.44","6,858.44","3,025.00","514.96","1,778.28","4,369.12","79,312.16","4,363.68","2,585.20","3,733.36","27,360.12","499.00","0.00","0.00","683.34","-4,672.90","34.19","53,894.47","46,754.48","233.36","0.00","0.00","0.00","0.00","0.00","0.00","95.67","15,341.96","-2,260.61","992.64","7,017.30","0.00","66,487.34","0.00","0.00","-31,531.89","-5,015.90","90.14","285,293.22","483,759.40","611,148.73","279,096.38","188,522.95","152,991.10","5,653,808.13"
"","Income From Main Operations","-3,630,672.35","-6,858.44","-3,025.00","-514.96","-1,778.28","-4,369.12","-79,312.16","-4,363.68","-2,585.20","-3,733.36","-27,360.12","-499.00","264,280.53","-11,520.00","-683.34","4,672.90","-34.19","-53,894.47","1,016,058.19","1,325,987.61","2,260.00","213,927.00","100,290.00","-10,178.83","0.00","200,000.00","-95.67","6,750,749.04","2,261.41","127,841.21","613,325.37","0.00","-66,487.34","-10,000.00","73,000.00","928,906.71","125,502.86","17,508.15","-285,293.22","-483,759.40","-611,148.73","-279,096.38","-188,522.95","-152,991.10","5,847,793.69"
"511001","INTEREST EARNED-THIRD PARTIES","802,689.00","0.00","0.00","0.00","0.00","0.00","0.00","0.00","0.00","0.00","0.00","0.00","0.00","0.00","0.00","0.00","0.00","0.00","0.00","0.00","0.00","0.00","0.00","0.00","0.00","0.00","0.00","0.00","0.00","0.00","0.00","0.00","0.00","0.00","0.00","0.00","0.00","0.00","0.00","0.00","0.00","0.00","0.00","0.00","802,689.00"
"511002","INTEREST INCOMES - INTERCO & JV","1,207,458.49","0.00","0.00","0.00","0.00","0.00","0.00","0.00","0.00","0.00","0.00","0.00","0.00","0.00","0.00","0.00","0.00","0.00","0.00","0.00","0.00","0.00","0.00","0.00","0.00","0.00","0.00","0.00","0.00","0.00","0.00","0.00","0.00","0.00","0.00","0.00","0.00","0.00","0.00","0.00","0.00","0.00","0.00","0.00","1,207,458.49"
"511004","OTHER INCOMES","772,154.40","0.00","0.00","0.00","0.00","0.00","0.00","0.00","0.00","0.00","0.00","0.00","0.00","0.00","0.00","0.00","0.00","0.00","-0.04","0.00","0.00","0.00","0.00","0.00","26,273.92","0.00","0.00","0.00","0.00","0.00","0.00","0.00","0.00","0.00","0.00","0.00","0.00","0.00","0.00","0.00","0.00","0.00","0.00","0.00","798,428.28"
"511008","INTEREST INCOME - FLR","5,953.50","0.00","0.00","0.00","0.00","0.00","0.00","0.00","0.00","0.00","0.00","0.00","0.00","0.00","0.00","0.00","0.00","0.00","0.00","0.00","0.00","0.00","0.00","0.00","0.00","0.00","0.00","0.00","0.00","0.00","0.00","0.00","0.00","0.00","0.00","0.00","0.00","0.00","0.00","0.00","0.00","0.00","0.00","0.00","5,953.50"
"5110","Other income","2,788,255.39","0.00","0.00","0.00","0.00","0.00","0.00","0.00","0.00","0.00","0.00","0.00","0.00","0.00","0.00","0.00","0.00","0.00","-0.04","0.00","0.00","0.00","0.00","0.00","26,273.92","0.00","0.00","0.00","0.00","0.00","0.00","0.00","0.00","0.00","0.00","0.00","0.00","0.00","0.00","0.00","0.00","0.00","0.00","0.00","2,814,529.27"
"51","Other income","2,788,255.39","0.00","0.00","0.00","0.00","0.00","0.00","0.00","0.00","0.00","0.00","0.00","0.00","0.00","0.00","0.00","0.00","0.00","-0.04","0.00","0.00","0.00","0.00","0.00","26,273.92","0.00","0.00","0.00","0.00","0.00","0.00","0.00","0.00","0.00","0.00","0.00","0.00","0.00","0.00","0.00","0.00","0.00","0.00","0.00","2,814,529.27"
"521001","EXCHANGE GAIN/LOSS - REALISED","7,550.29","0.00","0.00","0.00","0.00","0.00","0.00","0.00","0.00","0.00","0.00","3,542.54","0.00","0.00","0.00","0.00","0.00","0.00","0.00","0.00","0.00","0.00","0.00","0.00","0.00","0.00","0.00","0.00","0.00","0.00","0.00","0.00","0.00","0.00","0.00","0.00","0.00","0.00","0.00","0.00","0.00","0.00","0.00","0.00","11,092.83"
"5210","Other gains / losses","7,550.29","0.00","0.00","0.00","0.00","0.00","0.00","0.00","0.00","0.00","0.00","3,542.54","0.00","0.00","0.00","0.00","0.00","0.00","0.00","0.00","0.00","0.00","0.00","0.00","0.00","0.00","0.00","0.00","0.00","0.00","0.00","0.00","0.00","0.00","0.00","0.00","0.00","0.00","0.00","0.00","0.00","0.00","0.00","0.00","11,092.83"
"52","Other gains / losses","7,550.29","0.00","0.00","0.00","0.00","0.00","0.00","0.00","0.00","0.00","0.00","3,542.54","0.00","0.00","0.00","0.00","0.00","0.00","0.00","0.00","0.00","0.00","0.00","0.00","0.00","0.00","0.00","0.00","0.00","0.00","0.00","0.00","0.00","0.00","0.00","0.00","0.00","0.00","0.00","0.00","0.00","0.00","0.00","0.00","11,092.83"
"","Other Operating Income","2,795,805.68","0.00","0.00","0.00","0.00","0.00","0.00","0.00","0.00","0.00","0.00","3,542.54","0.00","0.00","0.00","0.00","0.00","0.00","-0.04","0.00","0.00","0.00","0.00","0.00","26,273.92","0.00","0.00","0.00","0.00","0.00","0.00","0.00","0.00","0.00","0.00","0.00","0.00","0.00","0.00","0.00","0.00","0.00","0.00","0.00","2,825,622.10"
"","Operating Income","-834,866.67","-6,858.44","-3,025.00","-514.96","-1,778.28","-4,369.12","-79,312.16","-4,363.68","-2,585.20","-3,733.36","-27,360.12","3,043.54","264,280.53","-11,520.00","-683.34","4,672.90","-34.19","-53,894.47","1,016,058.15","1,325,987.61","2,260.00","213,927.00","100,290.00","-10,178.83","26,273.92","200,000.00","-95.67","6,750,749.04","2,261.41","127,841.21","613,325.37","0.00","-66,487.34","-10,000.00","73,000.00","928,906.71","125,502.86","17,508.15","-285,293.22","-483,759.40","-611,148.73","-279,096.38","-188,522.95","-152,991.10","8,673,415.79"
"","Income Before Tax","-834,866.67","-6,858.44","-3,025.00","-514.96","-1,778.28","-4,369.12","-79,312.16","-4,363.68","-2,585.20","-3,733.36","-27,360.12","3,043.54","264,280.53","-11,520.00","-683.34","4,672.90","-34.19","-53,894.47","1,016,058.15","1,325,987.61","2,260.00","213,927.00","100,290.00","-10,178.83","26,273.92","200,000.00","-95.67","6,750,749.04","2,261.41","127,841.21","613,325.37","0.00","-66,487.34","-10,000.00","73,000.00","928,906.71","125,502.86","17,508.15","-285,293.22","-483,759.40","-611,148.73","-279,096.38","-188,522.95","-152,991.10","8,673,415.79"
"801001","INCOME TAX EXPENSE - CURRENT YEAR","424,954.10","0.00","0.00","0.00","0.00","0.00","0.00","0.00","0.00","0.00","0.00","0.00","0.00","0.00","0.00","0.00","0.00","0.00","0.00","0.00","0.00","0.00","0.00","0.00","0.00","0.00","0.00","0.00","0.00","0.00","0.00","0.00","0.00","0.00","0.00","0.00","0.00","0.00","0.00","0.00","0.00","0.00","0.00","0.00","424,954.10"
"801002","INCOME TAX EXPENSE - PRIOR YEAR","-38,000.00","0.00","0.00","0.00","0.00","0.00","0.00","0.00","0.00","0.00","0.00","0.00","0.00","0.00","0.00","0.00","0.00","0.00","0.00","0.00","0.00","0.00","0.00","0.00","0.00","0.00","0.00","0.00","0.00","0.00","0.00","0.00","0.00","0.00","0.00","0.00","0.00","0.00","0.00","0.00","0.00","0.00","0.00","0.00","-38,000.00"
"8010","Income tax expense","386,954.10","0.00","0.00","0.00","0.00","0.00","0.00","0.00","0.00","0.00","0.00","0.00","0.00","0.00","0.00","0.00","0.00","0.00","0.00","0.00","0.00","0.00","0.00","0.00","0.00","0.00","0.00","0.00","0.00","0.00","0.00","0.00","0.00","0.00","0.00","0.00","0.00","0.00","0.00","0.00","0.00","0.00","0.00","0.00","386,954.10"
"802001","DEFERRED TAX EXPENSE - CURRENT YEAR","1,176,237.78","0.00","0.00","0.00","0.00","0.00","0.00","0.00","0.00","0.00","0.00","0.00","0.00","0.00","0.00","0.00","0.00","0.00","0.00","0.00","0.00","0.00","0.00","0.00","0.00","0.00","0.00","0.00","0.00","0.00","0.00","0.00","0.00","0.00","0.00","0.00","0.00","0.00","0.00","0.00","0.00","0.00","0.00","0.00","1,176,237.78"
"802002","DEFERRED TAX EXPENSE - PRIOR YEARS","76,470.00","0.00","0.00","0.00","0.00","0.00","0.00","0.00","0.00","0.00","0.00","0.00","0.00","0.00","0.00","0.00","0.00","0.00","0.00","0.00","0.00","0.00","0.00","0.00","0.00","0.00","0.00","0.00","0.00","0.00","0.00","0.00","0.00","0.00","0.00","0.00","0.00","0.00","0.00","0.00","0.00","0.00","0.00","0.00","76,470.00"
"8020","Deferred tax expense","1,252,707.78","0.00","0.00","0.00","0.00","0.00","0.00","0.00","0.00","0.00","0.00","0.00","0.00","0.00","0.00","0.00","0.00","0.00","0.00","0.00","0.00","0.00","0.00","0.00","0.00","0.00","0.00","0.00","0.00","0.00","0.00","0.00","0.00","0.00","0.00","0.00","0.00","0.00","0.00","0.00","0.00","0.00","0.00","0.00","1,252,707.78"
"80","Tax expense","1,639,661.88","0.00","0.00","0.00","0.00","0.00","0.00","0.00","0.00","0.00","0.00","0.00","0.00","0.00","0.00","0.00","0.00","0.00","0.00","0.00","0.00","0.00","0.00","0.00","0.00","0.00","0.00","0.00","0.00","0.00","0.00","0.00","0.00","0.00","0.00","0.00","0.00","0.00","0.00","0.00","0.00","0.00","0.00","0.00","1,639,661.88"
"","Total Income Tax","1,639,661.88","0.00","0.00","0.00","0.00","0.00","0.00","0.00","0.00","0.00","0.00","0.00","0.00","0.00","0.00","0.00","0.00","0.00","0.00","0.00","0.00","0.00","0.00","0.00","0.00","0.00","0.00","0.00","0.00","0.00","0.00","0.00","0.00","0.00","0.00","0.00","0.00","0.00","0.00","0.00","0.00","0.00","0.00","0.00","1,639,661.88"
"","Net Profit / Loss (After Tax)","-2,474,528.55","-6,858.44","-3,025.00","-514.96","-1,778.28","-4,369.12","-79,312.16","-4,363.68","-2,585.20","-3,733.36","-27,360.12","3,043.54","264,280.53","-11,520.00","-683.34","4,672.90","-34.19","-53,894.47","1,016,058.15","1,325,987.61","2,260.00","213,927.00","100,290.00","-10,178.83","26,273.92","200,000.00","-95.67","6,750,749.04","2,261.41","127,841.21","613,325.37","0.00","-66,487.34","-10,000.00","73,000.00","928,906.71","125,502.86","17,508.15","-285,293.22","-483,759.40","-611,148.73","-279,096.38","-188,522.95","-152,991.10","7,033,753.91"
"","17-09-2025@ 17:48 | m8 | 124.155.214.47",""
